prompt,dataset,generator,config,n,EM,CI_lo,CI_hi,F1,gold_recall
gen_alt,2wiki,Qwen2.5-1.5B-Instruct,B5,500,31.6,27.678293769010942,35.8022921929263,0.4042966993790523,1.0
gen_alt,2wiki,Qwen2.5-1.5B-Instruct,B4,500,25.4,21.781962767775582,29.393168463944868,0.31307156527682845,0.7375
gen_alt,2wiki,Qwen2.5-1.5B-Instruct,COND,500,23.599999999999998,20.08806897813258,27.514510880299113,0.29142542253068565,0.6115
gen_alt,2wiki,Qwen2.5-1.5B-Instruct,B1,500,22.400000000000002,18.963838082995068,26.257040859910802,0.3012279004964763,0.8685
gen_alt,2wiki,Qwen2.5-1.5B-Instruct,PC,500,21.0,17.657669884786483,24.784557990005908,0.24468156288156284,0.4155
gen_alt,hotpotqa,Qwen2.5-1.5B-Instruct,B5,500,46.6,42.26999925744605,50.98184814856409,0.6209627312009223,1.0
gen_alt,hotpotqa,Qwen2.5-1.5B-Instruct,B4,500,40.6,36.38296860034575,44.96037422803524,0.5363906434595054,0.858
gen_alt,hotpotqa,Qwen2.5-1.5B-Instruct,COND,500,37.0,32.8821530528825,41.31608702892099,0.49951159851089516,0.755
gen_alt,hotpotqa,Qwen2.5-1.5B-Instruct,B1,500,36.199999999999996,32.10753166167672,40.50290780977621,0.48389414259143404,0.92
gen_alt,hotpotqa,Qwen2.5-1.5B-Instruct,PC,500,27.400000000000002,23.67399762569261,31.470635131904224,0.37648246021043846,0.464
gen_alt,musique,Qwen2.5-1.5B-Instruct,B5,259,35.13513513513514,29.57686152677617,41.12792797382039,0.4771053605005896,1.0
gen_alt,musique,Qwen2.5-1.5B-Instruct,B4,259,15.444015444015443,11.551185153159185,20.34696186770813,0.23950102028668854,0.6023166023166023
gen_alt,musique,Qwen2.5-1.5B-Instruct,B1,259,12.741312741312742,9.218185416990806,17.35355969489407,0.22879111021403872,0.7432432432432432
gen_alt,musique,Qwen2.5-1.5B-Instruct,COND,259,10.81081081081081,7.58614133754634,15.181030982208219,0.20733096163344295,0.5135135135135135
gen_alt,musique,Qwen2.5-1.5B-Instruct,PC,259,9.266409266409266,6.306070977873121,13.417443108177181,0.1737559924752043,0.35135135135135137
gen_v3,2wiki,Qwen2.5-0.5B-Instruct,PC,500,11.200000000000001,8.72623972834597,14.265430669652131,0.21442644792218893,0.4155
gen_v3,2wiki,Qwen2.5-0.5B-Instruct,COND,500,11.0,8.549101658817662,14.0456185865928,0.22494859941469145,0.6115
gen_v3,2wiki,Qwen2.5-0.5B-Instruct,B5,500,10.2,7.843397139617729,13.163522495442178,0.2554499243414737,1.0
gen_v3,2wiki,Qwen2.5-0.5B-Instruct,B2,500,9.6,7.317313790557156,12.498755386739834,0.2200249952059233,0.6965
gen_v3,2wiki,Qwen2.5-0.5B-Instruct,SET,500,9.4,7.142604659353205,12.276514365356148,0.2059918403015137,0.463
gen_v3,2wiki,Qwen2.5-0.5B-Instruct,B4,500,8.4,6.274379952220428,11.159988309550732,0.21482798777449402,0.7375
gen_v3,2wiki,Qwen2.5-0.5B-Instruct,B1,500,5.6000000000000005,3.902536261505807,7.974529864038413,0.18489573609456902,0.8685
gen_v3,2wiki,Qwen2.5-3B-Instruct,B5,500,51.4,47.025071185469685,55.75357988264379,0.5955523865023865,1.0
gen_v3,2wiki,Qwen2.5-3B-Instruct,B4,500,44.2,39.90751783846424,48.58092773649425,0.49800569985569987,0.7375
gen_v3,2wiki,Qwen2.5-3B-Instruct,B1,500,43.6,39.318483118056804,47.97911199913876,0.4998990653137712,0.8685
gen_v3,2wiki,Qwen2.5-3B-Instruct,B2,500,43.0,38.73008785783345,47.37665680159919,0.48850000555000556,0.6965
gen_v3,2wiki,Qwen2.5-3B-Instruct,COND,500,37.6,33.463927845578425,41.925162693987986,0.42117442002441996,0.6115
gen_v3,2wiki,Qwen2.5-3B-Instruct,SET,500,35.8,31.72068787655445,40.0958512897232,0.4059809523809524,0.463
gen_v3,2wiki,Qwen2.5-3B-Instruct,PC,500,30.599999999999998,26.721278242267577,34.77455695673147,0.34121359751359753,0.4155
gen_v3,hotpotqa,Qwen2.5-0.5B-Instruct,B4,500,11.4,8.903649378821104,14.484971171764634,0.26785623554736904,0.858
gen_v3,hotpotqa,Qwen2.5-0.5B-Instruct,B5,500,10.8,8.372241545896648,13.825528546926177,0.2888742268954316,1.0
gen_v3,hotpotqa,Qwen2.5-0.5B-Instruct,SET,500,9.2,6.968236650145481,12.053932221976234,0.2345652542461737,0.683
gen_v3,hotpotqa,Qwen2.5-0.5B-Instruct,COND,500,8.6,6.447280005130327,11.384038409228468,0.23355789704630742,0.755
gen_v3,hotpotqa,Qwen2.5-0.5B-Instruct,B1,500,8.4,6.274379952220428,11.159988309550732,0.21490209906533686,0.92
gen_v3,hotpotqa,Qwen2.5-0.5B-Instruct,B2,500,8.0,5.929780247392154,10.71068770920373,0.2130138061622402,0.769
gen_v3,hotpotqa,Qwen2.5-0.5B-Instruct,PC,500,6.800000000000001,4.906621332682857,9.352145708387196,0.19536478079888805,0.464
gen_v3,hotpotqa,Qwen2.5-3B-Instruct,B5,500,59.599999999999994,55.24145429626023,63.812153027946415,0.7426071553317684,1.0
gen_v3,hotpotqa,Qwen2.5-3B-Instruct,B4,500,49.0,44.64253815391932,53.37271108314249,0.6214469602293131,0.858
gen_v3,hotpotqa,Qwen2.5-3B-Instruct,COND,500,48.0,43.6527636620294,52.377734812094204,0.5933131909939106,0.755
gen_v3,hotpotqa,Qwen2.5-3B-Instruct,B1,500,47.0,42.664726545811874,51.38102116537354,0.604750510551086,0.92
gen_v3,hotpotqa,Qwen2.5-3B-Instruct,SET,500,45.4,41.08749466266584,49.782651827818476,0.5614883789638354,0.683
gen_v3,hotpotqa,Qwen2.5-3B-Instruct,B2,500,45.0,40.69388734465702,49.38235884065202,0.5655550805516323,0.769
gen_v3,hotpotqa,Qwen2.5-3B-Instruct,PC,500,29.599999999999998,25.76647234385832,33.74461209220254,0.41373746392904936,0.464
gen_v3,musique,Qwen2.5-0.5B-Instruct,B5,259,7.722007722007722,5.054122567631664,11.625733284714387,0.22633217596396515,1.0
gen_v3,musique,Qwen2.5-0.5B-Instruct,B1,259,2.7027027027027026,1.3152139011308006,5.472752691676426,0.11507479176422347,0.7432432432432432
gen_v3,musique,Qwen2.5-0.5B-Instruct,B4,259,2.7027027027027026,1.3152139011308006,5.472752691676426,0.12152760695662378,0.6023166023166023
gen_v3,musique,Qwen2.5-0.5B-Instruct,B2,259,1.9305019305019304,0.8273324839959948,4.438804991959104,0.10589647547056552,0.5444015444015444
gen_v3,musique,Qwen2.5-0.5B-Instruct,SET,259,1.5444015444015444,0.6021741998008371,3.9030487177281983,0.08640109064936442,0.4111969111969112
gen_v3,musique,Qwen2.5-0.5B-Instruct,COND,259,1.1583011583011582,0.39468710701741005,3.3496212520855626,0.09634934880724581,0.5135135135135135
gen_v3,musique,Qwen2.5-0.5B-Instruct,PC,259,0.7722007722007722,0.21201692749995715,2.7713768731769526,0.08188989845478332,0.35135135135135137
gen_v3,musique,Qwen2.5-3B-Instruct,B5,259,42.857142857142854,36.97786924887473,48.94521142024309,0.5652406217871114,1.0
gen_v3,musique,Qwen2.5-3B-Instruct,B1,259,19.305019305019304,14.960965815648056,24.546326789479895,0.3222378917625098,0.7432432432432432
gen_v3,musique,Qwen2.5-3B-Instruct,B4,259,18.53281853281853,14.27272488208522,23.7127386061906,0.2953881306822483,0.6023166023166023
gen_v3,musique,Qwen2.5-3B-Instruct,COND,259,17.374517374517374,13.246006700318619,22.456713112679022,0.2833424808214724,0.5135135135135135
gen_v3,musique,Qwen2.5-3B-Instruct,SET,259,17.374517374517374,13.246006700318619,22.456713112679022,0.26240160273773716,0.4111969111969112
gen_v3,musique,Qwen2.5-3B-Instruct,B2,259,15.444015444015443,11.551185153159185,20.34696186770813,0.26639036386935544,0.5444015444015444
gen_v3,musique,Qwen2.5-3B-Instruct,PC,259,11.196911196911197,7.909919242937878,15.618167635242742,0.21696955982670268,0.35135135135135137
